<?xml version='1.0' encoding='UTF-8' standalone='no'?>
<fe:Invoice xmlns:cac="urn:oasis:names:specification:ubl:schema:xsd:CommonAggregateComponents-2" xmlns:cbc="urn:oasis:names:specification:ubl:schema:xsd:CommonBasicComponents-2" xmlns:clm54217="urn:un:unece:uncefact:codelist:specification:54217:2001" xmlns:clm66411="urn:un:unece:uncefact:codelist:specification:66411:2001" xmlns:clmIANAMIMEMediaType="urn:un:unece:uncefact:codelist:specification:IANAMIMEMediaType:2003" xmlns:ds="urn:un:unece:uncefact:data:specification:UnqualifiedDataTypesSchemaModule:2" xmlns:ext="urn:oasis:names:specification:ubl:schema:xsd:CommonExtensionComponents-2" xmlns:fe="http://www.dian.gov.co/contratos/facturaelectronica/v1" xmlns:qdt="urn:oasis:names:specification:ubl:schema:xsd:QualifiedDatatypes-2" xmlns:sts="http://www.dian.gov.co/contratos/facturaelectronica/v1/Structures" xmlns:udt="urn:un:unece:uncefact:data:specification:UnqualifiedDataTypesSchemaModule:2" xmlns:xades="urn:un:unece:uncefact:data:specification:UnqualifiedDataTypesSchemaModule:2" xmlns:xsi="http://www.w3.org/2001/XMLSchema-instance">
  <ext:UBLExtensions>
    <ext:UBLExtension>
      <ext:ExtensionContent>
        <sts:DianExtensions>
          <sts:InvoiceControl>
            <sts:InvoiceAuthorization>udt:NumericType | | xsd: decimal),<sts:AuthorizationPeriod><cbc:StartDate/><cbc:EndDate/></sts:AuthorizationPeriod><sts:AuthorizedInvoices><sts:Prefix/><sts:From/><sts:To/></sts:AuthorizedInvoices></sts:InvoiceAuthorization>
            <sts:InvoiceSource>
              <cbc:IdentificationCode>qdt:CountryIdentificationCodeType || xsd:string)</cbc:IdentificationCode>
              <sts:SoftwareProvider>
                <sts:ProviderID/>
                <sts:SoftwareID>fc7bab96-4a9c-4443-98fc-447ecd1a53b6</sts:SoftwareID>
              </sts:SoftwareProvider>
            </sts:InvoiceSource>
            <sts:InvoiceSource>
              <cbc:IdentificationCode/>
            </sts:InvoiceSource>
            <sts:SoftwareProvider>
              <sts:ProviderID/>
              <sts:SoftwareID>ABC123-32</sts:SoftwareID>
            </sts:SoftwareProvider>
            <sts:SoftwareSecurityCode>111000111</sts:SoftwareSecurityCode>
          </sts:InvoiceControl>
        </sts:DianExtensions>
        <ext:UBLExtension>
          <ext:ExtensionContent>
            <ds:Signature xmlns:ds="http://www.w3.org/2000/09/xmldsig#" Id="placeholder"/>
          </ext:ExtensionContent>
        </ext:UBLExtension>
      </ext:ExtensionContent>
      <cbc:UBLVersionID/>
      <cbc:CustomizationID/>
      <cbc:ProfileID/>
      <cbc:ID/>
      <cbc:UUID schemeAgencyID="195" schemeAgencyName="CO, DIAN (Direccion de Impuestos y Aduanas Nacionales)" schemeName="CUFE" schemeURI="http://www.dian.gov.co/contratos/facturaelectronica/v1/anexo_v1_0.pdf#CUFE"/>
      <cbc:IssueDate/>
      <cbc:IssueTime/>
      <cbc:InvoiceTypeCode listAgencyID="195" listAgencyName="CO, DIAN (Direccion de Impuestos y Aduanas Nacionales)" listSchemeURI="http://www.dian.gov.co/contratos/facturaelectronica/v1/InvoiceType"/>
      <cbc:Note/>
      <cbc:DocumentCurrencyCode>COP</cbc:DocumentCurrencyCode>
      <fe:AccountingSupplierParty>
        <cbc:AdditionalAccountID>codigo tipo perosna</cbc:AdditionalAccountID>
        <fe:Party>
          <cac:PartyIdentification>
            <cbc:ID schemeAgencyID="195" schemeAgencyName="CO, DIAN (Direccion de Impuestos y Aduanas Nacionales)" schemeID="31"/>
          </cac:PartyIdentification>
          <cac:PartyName>
            <cbc:Name/>
          </cac:PartyName>
          <fe:PhysicalLocation>
            <fe:Address>
              <cbc:CitySubdivisionName/>
              <cbc:CityName>bogota</cbc:CityName>
              <cbc:CountrySubentity/>
              <cac:AddressLine>
                <cbc:Line>LESOTO mall Av. 1 street</cbc:Line>
              </cac:AddressLine>
              <cac:Country>
                <cbc:IdentificationCode>LS</cbc:IdentificationCode>
              </cac:Country>
            </fe:Address>
          </fe:PhysicalLocation>
          <fe:PartyTaxScheme>
            <cbc:TaxLevelCode>regimen simp,com,no</cbc:TaxLevelCode>
            <cac:TaxScheme/>
          </fe:PartyTaxScheme>
          <fe:PartyLegalEntity>
            <cbc:RegistrationName>PJ - 700085375</cbc:RegistrationName>
          </fe:PartyLegalEntity>
        </fe:Party>
      </fe:AccountingSupplierParty>
      <fe:AccountingCustomerParty>
        <cbc:AdditionalAccountID>persona natural u otr??o</cbc:AdditionalAccountID>
        <fe:Party>
          <cac:PartyIdentification>
            <cbc:ID schemeAgencyID="195" schemeAgencyName="CO, DIAN (Direccion de Impuestos y Aduanas Nacionales)" schemeID="31"/>
          </cac:PartyIdentification>
          <cac:PartyName>PJ - 700085375 - Adquiriente FE</cac:PartyName>
          <fe:PhysicalLocation>
            <fe:Address>
              <cbc:CitySubdivisionName/>
              <cbc:CityName>NY</cbc:CityName>
              <cbc:CountrySubentity/>
              <cac:AddressLine>
                <cbc:Line>Street 1023, park</cbc:Line>
              </cac:AddressLine>
              <cac:Country>
                <cbc:IdentificationCode>GB</cbc:IdentificationCode>
              </cac:Country>
            </fe:Address>
          </fe:PhysicalLocation>
          <fe:PartyTaxScheme>
            <cbc:TaxLevelCode>simp.com. codigo</cbc:TaxLevelCode>
            <cac:TaxScheme/>
          </fe:PartyTaxScheme>
          <fe:PartyLegalEntity>
            <cbc:RegistrationName>PJ - 700085375</cbc:RegistrationName>
          </fe:PartyLegalEntity>
          <fe:Person>
            <cbc:FirstName>Chloe</cbc:FirstName>
            <cbc:FamilyName>Sullivan</cbc:FamilyName>
            <cbc:MiddleName/>
          </fe:Person>
        </fe:Party>
      </fe:AccountingCustomerParty>
      <fe:TaxTotal>
        <cbc:TaxAmount currencyID="COP"/>
        <cbc:TaxEvidenceIndicator>true or false</cbc:TaxEvidenceIndicator>
        <fe:TaxSubtotal>
          <cbc:TaxableAmount currencyID="COP"/>
          <cbc:TaxAmount currencyID="COP"/>
          <cbc:Percent/>
          <cac:TaxCategory>
            <cac:TaxScheme>
              <cbc:ID/>
            </cac:TaxScheme>
          </cac:TaxCategory>
        </fe:TaxSubtotal>
      </fe:TaxTotal>
      <fe:LegalMonetaryTotal>
        <cbc:LineExtensionAmount currencyID="COP"/>
        <cbc:TaxExclusiveAmount currencyID="COP"/>
        <cbc:PayableAmount currencyID="COP"/>
      </fe:LegalMonetaryTotal>
      <fe:InvoiceLine>
        <cbc:ID>Mi TV 2S. With smartphones extensively trimming out the flab, why should televisions fall behind? ...</cbc:ID>
        <cbc:InvoicedQuantity>1.00</cbc:InvoicedQuantity>
        <cbc:LineExtensionAmount currencyID="COP"/>
        <fe:Item>
          <cbc:Description></cbc:Description>
        </fe:Item>
        <fe:Price>
          <cbc:PriceAmount currencyID="COP">675.00</cbc:PriceAmount>
        </fe:Price>
      </fe:InvoiceLine>
      <fe:InvoiceLine>
        <cbc:ID>Xiaomi Huami Amazfit smart watch. ...</cbc:ID>
        <cbc:InvoicedQuantity>1.00</cbc:InvoicedQuantity>
        <cbc:LineExtensionAmount currencyID="COP"/>
        <fe:Item>
          <cbc:Description></cbc:Description>
        </fe:Item>
        <fe:Price>
          <cbc:PriceAmount currencyID="COP">881.00</cbc:PriceAmount>
        </fe:Price>
      </fe:InvoiceLine>
      <fe:InvoiceLine>
        <cbc:ID>Xiaomi Mi Air Purifier. ...</cbc:ID>
        <cbc:InvoicedQuantity>1.00</cbc:InvoicedQuantity>
        <cbc:LineExtensionAmount currencyID="COP"/>
        <fe:Item>
          <cbc:Description></cbc:Description>
        </fe:Item>
        <fe:Price>
          <cbc:PriceAmount currencyID="COP">370.00</cbc:PriceAmount>
        </fe:Price>
      </fe:InvoiceLine>
    </ext:UBLExtension>
  </ext:UBLExtensions>
</fe:Invoice>
