<?xml version='1.0' encoding='UTF-8' standalone='no'?>
<fe:Invoice xmlns:cac="urn:oasis:names:specification:ubl:schema:xsd:CommonAggregateComponents-2" xmlns:cbc="urn:oasis:names:specification:ubl:schema:xsd:CommonBasicComponents-2" xmlns:clm54217="urn:un:unece:uncefact:codelist:specification:54217:2001" xmlns:clm66411="urn:un:unece:uncefact:codelist:specification:66411:2001" xmlns:clmIANAMIMEMediaType="urn:un:unece:uncefact:codelist:specification:IANAMIMEMediaType:2003" xmlns:ds="urn:un:unece:uncefact:data:specification:UnqualifiedDataTypesSchemaModule:2" xmlns:ext="urn:oasis:names:specification:ubl:schema:xsd:CommonExtensionComponents-2" xmlns:fe="http://www.dian.gov.co/contratos/facturaelectronica/v1" xmlns:qdt="urn:oasis:names:specification:ubl:schema:xsd:QualifiedDatatypes-2" xmlns:sts="http://www.dian.gov.co/contratos/facturaelectronica/v1/Structures" xmlns:udt="urn:un:unece:uncefact:data:specification:UnqualifiedDataTypesSchemaModule:2" xmlns:xades="urn:un:unece:uncefact:data:specification:UnqualifiedDataTypesSchemaModule:2" xmlns:xsi="http://www.w3.org/2001/XMLSchema-instance">
  <ext:UBLExtensions>
    <ext:UBLExtension>
      <ext:ExtensionContent>
        <sts:DianExtensions>
          <sts:InvoiceControl/>
          <sts:InvoiceAuthorization/>
          <sts:AuthorizationPeriod>
            <cbc:StartDate/>
            <cbc:EndDate/>
          </sts:AuthorizationPeriod>
          <sts:AuthorizedInvoices>
            <sts:Prefix/>
            <sts:From/>
            <sts:To/>
          </sts:AuthorizedInvoices>
        </sts:DianExtensions>
        <sts:InvoiceSource>
          <cbc:IdentificationCode/>
        </sts:InvoiceSource>
        <sts:SoftwareProvider>
          <sts:ProviderID/>
          <sts:SoftwareID>10923jhjk</sts:SoftwareID>
        </sts:SoftwareProvider>
        <sts:SoftwareSecurityCode>111000111</sts:SoftwareSecurityCode>
      </ext:ExtensionContent>
    </ext:UBLExtension>
    <ext:UBLExtension>
      <ext:ExtensionContent>
        <ds:Signature>
          <ds:SignedInfo/>
        </ds:Signature>
        <ds:Object>
          <ds:QualifyingProperties>
            <ds:SignedProperties/>
          </ds:QualifyingProperties>
        </ds:Object>
      </ext:ExtensionContent>
    </ext:UBLExtension>
  </ext:UBLExtensions>
  <cbc:UBLVersionID/>
  <cbc:CustomizationID/>
  <cbc:ProfileID/>
  <cbc:ID/>
  <cbc:UUID/>
  <cbc:IssueDate/>
  <cbc:IssueTime/>
  <cbc:InvoiceTypeCode/>
  <cbc:Note/>
  <cbc:DocumentCurrencyCode/>
  <fe:AccountingSupplierParty>
    <cbc:AdditionalAccountID/>
    <fe:Party>
      <cac:PartyIdentification>
        <cbc:ID/>
      </cac:PartyIdentification>
      <cac:PartyName>
        <cbc:Name/>
      </cac:PartyName>
      <fe:PhysicalLocation>
        <fe:Address>
          <cbc:CitySubdivisionName/>
          <cbc:CityName/>
          <cbc:CountrySubentity/>
          <cac:AddressLine>
            <cbc:Line/>
          </cac:AddressLine>
          <cac:Country>
            <cbc:IdentificationCode/>
          </cac:Country>
        </fe:Address>
      </fe:PhysicalLocation>
      <fe:PartyTaxScheme>
        <cbc:TaxLevelCode/>
        <cac:TaxScheme/>
      </fe:PartyTaxScheme>
      <fe:PartyLegalEntity/>
      <cac:PartyIdentification/>
    </fe:Party>
  </fe:AccountingSupplierParty>
  <fe:AccountingCustomerParty>
    <cbc:AdditionalAccountID/>
    <fe:Party>
      <cac:PartyIdentification>
        <cbc:ID/>
      </cac:PartyIdentification>
      <fe:PhysicalLocation>
        <fe:Address>
          <cbc:CitySubdivisionName/>
          <cbc:CityName>Metropolis</cbc:CityName>
          <cbc:CountrySubentity/>
          <cac:AddressLine>
            <cbc:Line>Metropolis, Daily planet</cbc:Line>
          </cac:AddressLine>
          <cac:Country>
            <cbc:IdentificationCode>CO</cbc:IdentificationCode>
          </cac:Country>
        </fe:Address>
      </fe:PhysicalLocation>
      <fe:PartyTaxScheme>
        <cbc:TaxLevelCode/>
        <cac:TaxScheme/>
      </fe:PartyTaxScheme>
      <fe:Person>
        <cbc:FirstName>Lois</cbc:FirstName>
        <cbc:FamilyName>Lane</cbc:FamilyName>
        <cbc:MiddleName/>
      </fe:Person>
    </fe:Party>
  </fe:AccountingCustomerParty>
  <fe:TaxTotal>
    <fe:TaxSubtotal>
      <cbc:TaxableAmount/>
      <cbc:TaxAmount/>
      <cbc:Percent/>
      <cac:TaxCategory>
        <cac:TaxScheme>
          <cbc:ID/>
        </cac:TaxScheme>
      </cac:TaxCategory>
    </fe:TaxSubtotal>
  </fe:TaxTotal>
  <fe:LegalMonetaryTotal>
    <cbc:LineExtensionAmount/>
  </fe:LegalMonetaryTotal>
  <fe:LegalMonetaryTotal>
    <cbc:TaxExclusiveAmount/>
  </fe:LegalMonetaryTotal>
  <fe:LegalMonetaryTotal>
    <cbc:LineExtensionAmount/>
  </fe:LegalMonetaryTotal>
  <fe:InvoiceLine>
    <cbc:ID>Certina watch</cbc:ID>
    <cbc:InvoicedQuantity>1.00</cbc:InvoicedQuantity>
    <cbc:LineExtensionAmount/>
    <fe:Item>
      <cbc:Description>leather, crystal , </cbc:Description>
    </fe:Item>
    <fe:Price>
      <cbc:PriceAmount>999.00</cbc:PriceAmount>
    </fe:Price>
  </fe:InvoiceLine>
</fe:Invoice>
